﻿SKU ID,Vendor Name,Warehouse ID,Current Inventory Quantity,Cost per SKU,Total Value,Units (Nos/Kg),Average Lead Time (days),Maximum Lead Time (days),Unit Price
1009AA,McKesson Corp,NXH382,7210,20.134282,145168.1732,Kg,30,48,28.76326
1077CA,McKesson Corp,GUT930,46516,16.08439,748181.4852,Kg,45,70,22.9777
1083AA,Kinray Ltd,FLR025,48210,20.314,979337.94,Kg,45,68,29.02
1116CA,Accord Ltd,AXW291,33398,22.96,766818.08,Kg,90,140,32.8
1126CA,AstraZeneca,NXH382,39270,22.96,901639.2,Kg,45,62,32.8
1130AA,Sun Ltd,GUT930,13622,12.086263,164639.0746,Kg,90,139,17.26609
1145BA,Mylan Group,FLR025,1816,59.710462,108434.199,Kg,45,60,85.30066
1161AA,Kinray Ltd,NXH382,197,95.61475,18836.10575,Kg,90,142,136.5925
1163CA,Macoven Group,NXH382,2161,66.264975,143198.611,Kg,90,136,94.66425
1193BA,Major Corp,AXW291,2957,570.5,1686968.5,Kg,90,138,815
1196AA,Lake Ltd,GUT930,1253,21,26313,Kg,90,128,30
1206BA,Apotex Corp,FLR025,786,165.637325,130190.9375,Kg,45,69,236.62475
1214CA,Sun Ltd,NXH382,2472,222.361321,549677.1855,Kg,30,43,317.65903
1224AA,Apotex Corp,GUT930,194,488.6,94788.4,Kg,90,121,698
1234BA,Sun Ltd,FLR025,532,348.6,185455.2,Kg,45,63,498
1244AA,Apotex Corp,GUT930,2834,42,119028,Kg,45,67,60
1255CA,McKesson Corp,AXW291,10,59150,591500,Kg,60,83,84500
1265CA,Allermed Group,GUT930,6,72450,434700,Kg,60,79,103500
1266CA,Lake Ltd,FLR025,5,83230,416150,Kg,60,86,118900
1281BA,Heritage,NXH382,3,97650,292950,Kg,60,85,139500
1283CA,Fullerton Corp,GUT930,0,68833.331,0,Kg,60,92,98333.33
1295CA,Mylan Group,AXW291,5,122500,612500,Kg,120,158,175000
1296CA,Fullerton Corp,GUT930,4,21,84,Kg,60,93,30
1308BA,Heritage,FLR025,8,21,168,Kg,45,63,30
1315BA,"ALK-Abello, Corp",NXH382,6,21,126,Kg,90,131,30
1317BA,Lake Ltd,NXH382,4,21,84,Kg,90,120,30
1317CA,Heritage,GUT930,16,3436.09,54977.44,Kg,90,144,4908.7
1321BA,Fullerton Corp,NXH382,9,21,189,Kg,90,137,30
1325AA,SUPERVALU Group,GUT930,6,21,126,Kg,45,69,30
1326AA,Macoven Group,FLR025,8,21,168,Kg,90,126,30
1330CA,SUPERVALU Group,AXW291,8,4200,33600,Kg,60,92,6000
1366BA,Heritage,GUT930,12,11830,141960,Kg,45,67,16900
1367CA,Lake Ltd,FLR025,5,15400,77000,Kg,90,121,22000
1373BA,Apotex Corp,NXH382,9,21,189,Kg,45,59,30
1374CA,"ALK-Abello, Corp",AXW291,4,21,84,Kg,45,70,30
1379CA,Macoven Group,GUT930,271,343.126875,92987.38313,Kg,45,72,490.18125
1382CA,Cixi Group,AXW291,172,429.464875,73867.9585,Kg,90,123,613.52125
1385CA,McKesson Corp,NXH382,89,1247.08325,110990.4093,Kg,45,66,1781.5475
1390BA,Macoven Group,NXH382,11,21,231,Kg,30,47,30
1403CA,Accord Ltd,AXW291,10,1785,17850,Kg,30,42,2550
1420CA,Kinray Ltd,FLR025,9,21,189,Kg,30,46,30
1434BA,Kinray Ltd,GUT930,27,21,567,Kg,30,48,30
1436BA,Lake Ltd,GUT930,81,87.5,7087.5,Kg,30,41,125
1441AA,Mylan Group,AXW291,38,133,5054,Kg,45,70,190
1445BA,"ALK-Abello, Corp",AXW291,46,904.3055,41598.053,Kg,30,44,1291.865
1464AA,Apotex Corp,AXW291,21,589.799,12385.779,Kg,30,42,842.57
1468AA,Macoven Group,NXH382,459,21,9639,Kg,60,94,30
1479CA,Cixi Group,GUT930,303,269.89375,81777.80625,Kg,60,81,385.5625
1484BA,Major Corp,FLR025,439,0.14,61.46,Kg,15,23,0.2
1486CA,Lake Ltd,NXH382,66,133.504,8811.264,Kg,60,81,190.72
1488BA,Cixi Group,NXH382,45,49,2205,Kg,30,47,70
1488CA,Lake Ltd,GUT930,100,21,2100,Kg,15,22,30
1491CA,Allermed Group,GUT930,0,21,0,Kg,30,43,30
1497CA,Lake Ltd,NXH382,2096,11.702796,24529.06042,Kg,40,53,16.71828
1499AA,"ALK-Abello, Corp",GUT930,4218.004,9.956513,41996.61166,Kg,20,30,14.22359
1499CA,Allermed Group,GUT930,25,4620,115500,Kg,60,86,6600
1511CA,Allermed Group,NXH382,50,4.7509,237.545,Kg,30,41,6.787
1514BA,"ALK-Abello, Corp",GUT930,13,232.96,3028.48,Kg,45,68,332.8
1571AA,McKesson Corp,AXW291,86,224,19264,Kg,60,93,320
1582CA,Sun Ltd,NXH382,23,385,8855,Kg,45,63,550
1584BA,Major Corp,FLR025,20,297.5,5950,Kg,45,65,425
1586CA,Cixi Group,AXW291,972,200.5997,194982.9084,Kg,30,40,286.571
1601AA,Cixi Group,AXW291,14,642.8821,9000.3494,Kg,30,42,918.403
1624AA,Heritage,AXW291,17,505.4707,8593.0019,Kg,15,21,722.101
1624CA,"ALK-Abello, Corp",NXH382,18,1071.9639,19295.3502,Kg,30,48,1531.377
1630BA,Allermed Group,FLR025,262,309.9621,81210.0702,Kg,60,91,442.803
1650AA,Cixi Group,GUT930,221,199.409,44069.389,Kg,60,93,284.87
1668CA,Lake Ltd,AXW291,400,0.595,238,Kg,30,46,0.85
1672AA,Accord Ltd,GUT930,415,21,8715,Kg,15,24,30
1678CA,McKesson Corp,NXH382,230,21,4830,Kg,60,87,30
1681CA,McKesson Corp,GUT930,218,65.1,14191.8,Kg,30,47,93
1688CA,Kinray Ltd,FLR025,287,21,6027,Kg,60,79,30
1695CA,Accord Ltd,AXW291,30,1154.51,34635.3,Kg,15,22,1649.3
1698CA,AstraZeneca,NXH382,15,21,315,Kg,15,24,30
1708AA,Sun Ltd,GUT930,15,84,1260,Kg,15,23,120
1712AA,Mylan Group,FLR025,17,21,357,Kg,15,21,30
1716AA,Kinray Ltd,NXH382,22,98,2156,Kg,15,21,140
1741BA,Macoven Group,NXH382,21,1015,21315,Kg,30,41,1450
1745BA,Major Corp,AXW291,21,122.5,2572.5,Kg,15,20,175
1764AA,Lake Ltd,GUT930,16,227.5,3640,Kg,15,23,325
1766CA,Apotex Corp,FLR025,11,21,231,Kg,15,24,30
1767CA,Sun Ltd,NXH382,14,21,294,Kg,15,21,30
1798AA,Apotex Corp,GUT930,13,262.5,3412.5,Kg,15,22,375
1801AA,Sun Ltd,FLR025,15,875,13125,Kg,30,46,1250
1811CA,Apotex Corp,GUT930,15,21,315,Kg,30,42,30
1819AA,McKesson Corp,AXW291,15,21,315,Kg,30,40,30
1826AA,Allermed Group,GUT930,15,21,315,Kg,60,82,30
1827AA,Lake Ltd,FLR025,15,21,315,Kg,30,48,30
1830AA,Heritage,NXH382,26,21,546,Kg,30,44,30
1842BA,Fullerton Corp,GUT930,6,4583.803,27502.818,Kg,30,41,6548.29
1851CA,Mylan Group,AXW291,6,21,126,Kg,60,81,30
1857AA,Fullerton Corp,GUT930,8,21,168,Kg,60,89,30
1872CA,Heritage,FLR025,6,11200,67200,Kg,60,89,16000
1876AA,"ALK-Abello, Corp",NXH382,5,16043.3,80216.5,Kg,30,40,22919
1882CA,Lake Ltd,NXH382,6,13965,83790,Kg,60,87,19950
1902BA,Heritage,GUT930,6,21,126,Kg,60,79,30
1906CA,Fullerton Corp,NXH382,32,1325.625,42420,Kg,30,46,1893.75
1907AA,SUPERVALU Group,GUT930,30,4632.194,138965.82,Kg,60,89,6617.42
1908AA,Macoven Group,FLR025,22,19466.37,428260.14,Kg,120,157,27809.1
1921AA,SUPERVALU Group,AXW291,4,35000,140000,Kg,90,142,50000
1945AA,Heritage,GUT930,31,675.5,20940.5,Kg,15,23,965
1947CA,Lake Ltd,FLR025,16,21,336,Kg,30,47,30
1953AA,Apotex Corp,NXH382,38,663.292,25205.096,Kg,30,40,947.56
1956AA,"ALK-Abello, Corp",AXW291,3.46,401.163,1388.02398,Kg,60,90,573.09
1956CA,Macoven Group,GUT930,12,875,10500,Kg,60,92,1250
1964BA,Cixi Group,AXW291,21840,69.389383,1515464.125,Kg,60,96,99.12769
1967BA,McKesson Corp,NXH382,4190.5,125.055,524042.9775,Kg,120,163,178.65
1970CA,Macoven Group,NXH382,790.5,171.4496,135530.9088,Kg,60,96,244.928
1971AA,Accord Ltd,AXW291,1890.5,225.36283,426048.4301,Kg,120,177,321.9469
1979AA,Kinray Ltd,FLR025,1256.5,195.0466,245076.0529,Kg,60,94,278.638
1990AA,Kinray Ltd,GUT930,2167.5,382.0915,828183.3263,Kg,60,79,545.845
1992AA,Lake Ltd,GUT930,2714.5,410.47412,1114231.999,Kg,60,92,586.3916
1993AA,Mylan Group,AXW291,21334,58.625875,1250724.417,Kg,60,94,83.75125
1994AA,"ALK-Abello, Corp",AXW291,4317,315.375669,1361476.763,Kg,60,91,450.53667
1995AA,Apotex Corp,AXW291,913.5,70.400274,64310.6503,Kg,120,160,100.57182
2013AA,Macoven Group,NXH382,3371,100.68814,339419.7199,Kg,120,189,143.8402
2016CA,Cixi Group,GUT930,2520.5,187.126765,471653.0112,Kg,60,86,267.32395
2021CA,Major Corp,FLR025,7873,206.692269,1627288.234,Kg,60,86,295.27467
2025AA,Lake Ltd,NXH382,2727,309.9635,845270.4645,Kg,60,80,442.805
2039CA,Cixi Group,NXH382,1252,314.825,394160.9,Kg,120,164,449.75
2041CA,Lake Ltd,GUT930,1256,453.894,570090.864,Kg,60,82,648.42
2044CA,Allermed Group,GUT930,1711,518.574,887280.114,Kg,120,166,740.82
2053BA,Lake Ltd,NXH382,115,849.008223,97635.94565,Kg,60,89,1212.86889
2054AA,"ALK-Abello, Corp",GUT930,131,526.281,68942.811,Kg,120,191,751.83
2054CA,Allermed Group,GUT930,219,632.8,138583.2,Kg,120,174,904
2060AA,Allermed Group,NXH382,396,770.805,305238.78,Kg,120,175,1101.15
2066AA,"ALK-Abello, Corp",GUT930,327,1085.665,355012.455,Kg,120,187,1550.95
2078CA,McKesson Corp,AXW291,338,790.468,267178.184,Kg,60,93,1129.24
2096AA,Sun Ltd,NXH382,172,21,3612,Kg,120,163,30
2096BA,Major Corp,FLR025,138,1067.203669,147274.1063,Kg,60,84,1524.57667
2115CA,Cixi Group,AXW291,68,1338.589,91024.052,Kg,60,88,1912.27
2117BA,Cixi Group,AXW291,372,1696.8,631209.6,Kg,120,168,2424
2139BA,Heritage,AXW291,354,1422.995,503740.23,Kg,120,176,2032.85
2142CA,"ALK-Abello, Corp",NXH382,343,2069.2,709735.6,Kg,60,91,2956
2143AA,Allermed Group,FLR025,196,21,4116,Kg,120,192,30
2170BA,Cixi Group,GUT930,372,213.633,79471.476,Kg,120,171,305.19
2173CA,Lake Ltd,AXW291,340,311.458,105895.72,Kg,60,92,444.94
2189CA,Accord Ltd,GUT930,641,209.8635,134522.5035,Kg,60,95,299.805
2200CA,Lake Ltd,GUT930,71,313.6,22265.6,Kg,60,89,448
2212AA,Apotex Corp,FLR025,118,523.1835,61735.653,Kg,120,180,747.405
2212CA,Sun Ltd,NXH382,88,619.052,54476.576,Kg,60,87,884.36
2220BA,Apotex Corp,GUT930,107,526.4,56324.8,Kg,120,183,752
2223AA,Sun Ltd,FLR025,150,643.09,96463.5,Kg,60,93,918.7
2227AA,Apotex Corp,GUT930,160,526.1445,84183.12,Kg,60,80,751.635
2229AA,McKesson Corp,AXW291,48,737.970331,35422.57589,Kg,120,192,1054.24333
2229CA,Allermed Group,GUT930,107,525.7,56249.9,Kg,60,80,751
2234AA,Lake Ltd,FLR025,142,632.1,89758.2,Kg,60,83,903
2236CA,Heritage,NXH382,109,1132.1345,123402.6605,Kg,120,159,1617.335
2255CA,Fullerton Corp,GUT930,49,1198.7955,58740.9795,Kg,60,88,1712.565
2265BA,Mylan Group,AXW291,61,1184.024331,72225.48419,Kg,120,184,1691.46333
2267CA,Fullerton Corp,GUT930,107,1327.508,142043.356,Kg,60,91,1896.44
2277AA,Heritage,FLR025,10253,4.460204,45730.47161,Kg,120,158,6.37172
2291AA,"ALK-Abello, Corp",NXH382,2510,13.129172,32954.22172,Kg,120,191,18.75596
2293AA,Lake Ltd,NXH382,509,8.911679,4536.044611,Kg,60,79,12.73097
2315BA,Heritage,GUT930,734,10.44554,7667.02636,Kg,120,182,14.9222
2317CA,Fullerton Corp,NXH382,3420,26.086704,89216.52768,Kg,60,89,37.26672
2326CA,SUPERVALU Group,GUT930,6083.67,44.49144,270671.2388,Kg,30,46,63.5592
2331CA,Macoven Group,FLR025,227,147.086933,33388.73379,Kg,60,83,210.12419
2336BA,SUPERVALU Group,AXW291,7565,5.544476,41943.96094,Kg,30,44,7.92068
2337CA,Heritage,GUT930,32086,1.208942,38790.11301,Kg,60,83,1.72706
2342CA,Lake Ltd,FLR025,51818,1.943795,100723.5693,Kg,60,86,2.77685
2348BA,Apotex Corp,NXH382,30,26908,807240,Kg,60,89,38440
2359CA,"ALK-Abello, Corp",AXW291,7800,51.1,398580,Kg,90,121,73
2365AA,Macoven Group,GUT930,503,21,10563,Kg,60,83,30
2371CA,Cixi Group,AXW291,78462,2.408,188936.496,Kg,90,136,3.44
2391CA,McKesson Corp,NXH382,87174,0.531405,46324.69947,Kg,45,67,0.75915
2396CA,Macoven Group,NXH382,124908,0.53522,66853.25976,Kg,30,46,0.7646
2418CA,Accord Ltd,AXW291,120860,4.06,490691.6,Kg,60,85,5.8
2422BA,Kinray Ltd,FLR025,11006,34.93,384439.58,Kg,30,45,49.9
2429BA,Kinray Ltd,GUT930,342553,3.700816,1267725.623,Kg,90,122,5.28688
2449CA,Lake Ltd,GUT930,66031,21,1386651,Kg,45,68,30
2458CA,Mylan Group,AXW291,79661,4.782841,381005.8969,Kg,45,64,6.83263
2471CA,"ALK-Abello, Corp",AXW291,96647,3.343886,323176.5502,Kg,45,65,4.77698
2473CA,Apotex Corp,AXW291,73915,4.165,307855.975,Kg,60,92,5.95
2483BA,Macoven Group,NXH382,107097,1.3125,140564.8125,Kg,30,45,1.875
2484BA,Cixi Group,GUT930,1396,167.771002,234208.3188,Kg,60,85,239.67286
2487BA,Major Corp,FLR025,397,10.08,4001.76,Kg,30,44,14.4
2488CA,Lake Ltd,NXH382,22,0.665,14.63,Kg,30,42,0.95
2498BA,Cixi Group,NXH382,32,1032.192,33030.144,Kg,60,96,1474.56
2498CA,Lake Ltd,GUT930,23,82.019,1886.437,Kg,30,45,117.17
2501CA,Allermed Group,GUT930,22117,24.585225,543751.4213,Kg,90,125,35.12175
2508BA,Lake Ltd,NXH382,46,324.17,14911.82,Kg,60,89,463.1
2513CA,"ALK-Abello, Corp",GUT930,19,3363.521,63906.899,Kg,30,44,4805.03
2515BA,Allermed Group,GUT930,8140,63,512820,Kg,30,43,90
2524AA,Allermed Group,NXH382,3996,9.8,39160.8,Kg,30,41,14
2528CA,"ALK-Abello, Corp",GUT930,3996,14.7,58741.2,Kg,30,43,21
2539AA,McKesson Corp,AXW291,187,21,3927,Kg,30,45,30
2548CA,Sun Ltd,NXH382,86,21,1806,Kg,30,41,30
2555CA,Major Corp,FLR025,275,477.75,131381.25,Kg,30,44,682.5
2564BA,Cixi Group,AXW291,1340,216.4435,290034.29,Kg,60,96,309.205
2565CA,Cixi Group,AXW291,1735,324.125081,562357.0155,Kg,30,40,463.03583
2573CA,Heritage,AXW291,444,1133.293,503182.092,Kg,60,81,1618.99
2600BA,"ALK-Abello, Corp",NXH382,417,1027.453,428447.901,Kg,60,80,1467.79
2604CA,Allermed Group,FLR025,843,90.328,76146.504,Kg,30,42,129.04
2606AA,Cixi Group,GUT930,43,1429.066331,61449.85223,Kg,60,79,2041.52333
2621AA,Lake Ltd,AXW291,1627,43.248331,70365.03454,Kg,60,80,61.78333
2632AA,Accord Ltd,GUT930,2670,130.074,347297.58,Kg,30,41,185.82
2640BA,Lake Ltd,GUT930,2588,311.119669,805177.7034,Kg,60,84,444.45667
2646AA,Apotex Corp,FLR025,277,635.832498,176125.6019,Kg,120,157,908.33214
2661CA,Sun Ltd,NXH382,711,127.4,90581.4,Kg,120,157,182
2662CA,Apotex Corp,GUT930,173,1410.805466,244069.3456,Kg,60,82,2015.43638
2670CA,Sun Ltd,FLR025,292,3185,930020,Kg,60,82,4550
2672BA,Apotex Corp,GUT930,96,7962.5,764400,Kg,120,171,11375
2673BA,McKesson Corp,AXW291,4840,9.1,44044,Kg,60,95,13
2680BA,Allermed Group,GUT930,4097,150.899,618233.203,Kg,45,68,215.57
2714CA,Lake Ltd,FLR025,9014,34.858922,314218.3229,Kg,90,124,49.79846
2727CA,Heritage,NXH382,3923,15.322601,60110.56372,Kg,90,120,21.88943
2729AA,Fullerton Corp,GUT930,880,53.5626,47135.088,Kg,90,119,76.518
2752AA,Mylan Group,AXW291,933,53.5514,49963.4562,Kg,45,61,76.502
2763CA,Fullerton Corp,GUT930,8782,7.061117,62010.72949,Kg,90,136,10.08731
2766AA,Heritage,FLR025,7502,254.682666,1910629.36,Kg,90,126,363.83238
2767AA,"ALK-Abello, Corp",NXH382,3706,103.505955,383593.0692,Kg,45,62,147.86565
2785BA,Lake Ltd,NXH382,4220,24.137708,101861.1278,Kg,45,63,34.48244
2803BA,Heritage,GUT930,4811,29.740032,143079.294,Kg,45,67,42.48576
2814BA,Fullerton Corp,NXH382,4499,35.346745,159025.0058,Kg,90,119,50.49535
2840AA,SUPERVALU Group,GUT930,11008,6.027294,66348.45235,Kg,90,127,8.61042
2847BA,Macoven Group,FLR025,3638,169.254512,615747.9147,Kg,90,118,241.79216
2867AA,SUPERVALU Group,AXW291,265,208.3445,55211.2925,Kg,30,47,297.635
2876CA,Heritage,GUT930,577,299.1975,172636.9575,Kg,30,47,427.425
2884AA,Lake Ltd,FLR025,690,21,14490,Kg,15,23,30
2895CA,Apotex Corp,NXH382,470,21,9870,Kg,30,42,30
2923CA,"ALK-Abello, Corp",AXW291,495,14.131999,6995.339505,Kg,15,22,20.18857
2925CA,Macoven Group,GUT930,131,33.6,4401.6,Kg,30,43,48
2930CA,Cixi Group,AXW291,233,14.005831,3263.358623,Kg,15,24,20.00833
2935BA,McKesson Corp,NXH382,759,16.4465,12482.8935,Kg,15,20,23.495
2938CA,Macoven Group,NXH382,304.4,20.4442,6223.21448,Kg,15,24,29.206
2953BA,Accord Ltd,AXW291,868,33.536475,29109.6603,Kg,30,41,47.90925
2953CA,Kinray Ltd,FLR025,35,1063.874,37235.59,Kg,30,42,1519.82
2956AA,Kinray Ltd,GUT930,405,8.415813,3408.404265,Kg,30,47,12.02259
2970CA,Lake Ltd,GUT930,28,358.5435,10039.218,Kg,60,96,512.205
2977BA,Mylan Group,AXW291,442,36.96,16336.32,Kg,60,89,52.8
2982AA,"ALK-Abello, Corp",AXW291,200,21,4200,Kg,30,48,30
2987AA,Apotex Corp,AXW291,15,21,315,Kg,30,43,30
2988AA,Macoven Group,NXH382,29,6482.7,187998.3,Kg,30,40,9261
2994CA,Cixi Group,GUT930,12,9083.9,109006.8,Kg,30,48,12977
3003AA,Major Corp,FLR025,4,9227.4,36909.6,Kg,30,44,13182
3006CA,Lake Ltd,NXH382,4,21,84,Kg,60,79,30
3007CA,Cixi Group,NXH382,5,13182.631,65913.155,Kg,30,47,18832.33
3016BA,Lake Ltd,GUT930,6,14004.06,84024.36,Kg,60,79,20005.8
3025CA,Allermed Group,GUT930,15,764.75,11471.25,Kg,30,45,1092.5
3027CA,Lake Ltd,NXH382,27,802.081,21656.187,Kg,30,46,1145.83
3038BA,"ALK-Abello, Corp",GUT930,10,910,9100,Kg,15,22,1300
3044AA,Allermed Group,GUT930,28,1015,28420,Kg,15,21,1450
3053AA,Allermed Group,NXH382,273,28.610036,7810.539828,Kg,15,23,40.87148
3075AA,"ALK-Abello, Corp",GUT930,233,42.266,9847.978,Kg,30,47,60.38
3075BA,McKesson Corp,AXW291,438,21.7,9504.6,Kg,30,43,31
3079BA,Sun Ltd,NXH382,13347,94.15,1256620.05,Kg,15,24,134.5
3084CA,Major Corp,FLR025,44,1938.867,85310.148,Kg,30,45,2769.81
3098AA,Cixi Group,AXW291,88,2703.624,237918.912,Kg,15,22,3862.32
3120BA,Cixi Group,AXW291,119,1074.416,127855.504,Kg,30,42,1534.88
3125AA,Heritage,AXW291,144,83.3952,12008.9088,Kg,30,43,119.136
3126BA,"ALK-Abello, Corp",NXH382,190,21,3990,Kg,60,82,30
3132BA,Allermed Group,FLR025,34,133,4522,Kg,15,24,190
3138CA,Cixi Group,GUT930,241,263.2812,63450.7692,Kg,15,21,376.116
3143CA,Lake Ltd,AXW291,646,33.4348,21598.8808,Kg,30,41,47.764
3160BA,Accord Ltd,GUT930,390,189.6363,73958.157,Kg,30,46,270.909
3161BA,Lake Ltd,GUT930,317,252,79884,Kg,30,48,360
3177CA,Apotex Corp,FLR025,11771.05,48.619494,572302.4948,Kg,30,42,69.45642
3178CA,Sun Ltd,NXH382,4,18200,72800,Kg,30,47,26000
3180BA,Apotex Corp,GUT930,250,21,5250,Kg,30,46,30
3193AA,Sun Ltd,FLR025,687,997.5,685282.5,Kg,15,22,1425
3205AA,Apotex Corp,GUT930,14,53410,747740,Kg,60,91,76300
3239AA,McKesson Corp,AXW291,800,481.25,385000,Kg,30,42,687.5
3249CA,Allermed Group,GUT930,86,224,19264,Kg,60,87,320
3250CA,Lake Ltd,FLR025,418,24.327394,10168.85069,Kg,60,94,34.75342
3264CA,Heritage,NXH382,930,21,19530,Kg,30,47,30
3271CA,Fullerton Corp,GUT930,285,24.15,6882.75,Kg,30,40,34.5
3274CA,Mylan Group,AXW291,0,21,0,Kg,60,92,30
3276AA,Fullerton Corp,GUT930,0,21,0,Kg,30,43,30
3291CA,Heritage,FLR025,0,21,0,Kg,60,86,30
3296AA,"ALK-Abello, Corp",NXH382,0,21,0,Kg,30,44,30
3299CA,Lake Ltd,NXH382,0,21,0,Kg,60,82,30
3300CA,Heritage,GUT930,0,21,0,Kg,30,42,30
3312AA,Fullerton Corp,NXH382,0,21,0,Kg,60,84,30
3322AA,SUPERVALU Group,GUT930,6802,19.95,135699.9,Kg,60,90,28.5
3332CA,Macoven Group,FLR025,0,21,0,Kg,30,46,30
3345AA,SUPERVALU Group,AXW291,240,21.745269,5218.86456,Kg,40,61,31.06467
3358BA,Heritage,GUT930,48,954.548,45818.304,Kg,30,40,1363.64
3365CA,Lake Ltd,FLR025,310,9.32736,2891.4816,Kg,30,45,13.3248
3378CA,Apotex Corp,NXH382,1900,1.05,1995,Kg,15,22,1.5
3399AA,"ALK-Abello, Corp",AXW291,14,136.3271,1908.5794,Kg,40,59,194.753
3404CA,Macoven Group,GUT930,86,277.578,23871.708,Kg,15,24,396.54
3407CA,Cixi Group,AXW291,4,712.3144,2849.2576,Kg,15,21,1017.592
3413AA,McKesson Corp,NXH382,160,24.71028,3953.6448,Kg,30,44,35.3004
3420AA,Macoven Group,NXH382,73,12.0785,881.7305,Kg,15,20,17.255
3423CA,Accord Ltd,AXW291,72,20.6885,1489.572,Kg,15,21,29.555
3448CA,Kinray Ltd,FLR025,1565,4.56785,7148.68525,Kg,30,40,6.5255
3461CA,Kinray Ltd,GUT930,177,21.0448,3724.9296,Kg,15,23,30.064
3462AA,Lake Ltd,GUT930,820,2.87,2353.4,Kg,30,46,4.1
3494AA,Mylan Group,AXW291,2680,2.45,6566,Kg,30,42,3.5
3495CA,"ALK-Abello, Corp",AXW291,427,27.8845,11906.6815,Kg,15,22,39.835
3502BA,Apotex Corp,AXW291,376,864.0345,324876.972,Kg,40,55,1234.335
3512AA,Macoven Group,NXH382,70141,0.072065,5054.711165,Kg,20,31,0.10295
3533CA,Cixi Group,GUT930,82476,0.450639,37166.90216,Kg,40,64,0.64377
3551CA,Major Corp,FLR025,10034,4.947817,49646.39578,Kg,20,31,7.06831
3556AA,Lake Ltd,NXH382,262,754.201875,197600.8913,Kg,30,42,1077.43125
3570CA,Cixi Group,NXH382,416,812,337792,Kg,15,21,1160
3576BA,Lake Ltd,GUT930,162,31.353,5079.186,Kg,60,96,44.79
3579CA,Allermed Group,GUT930,116,60.655,7035.98,Kg,120,187,86.65
3590BA,Lake Ltd,NXH382,145,80.5595,11681.1275,Kg,120,160,115.085
3610AA,"ALK-Abello, Corp",GUT930,275,109.312,30060.8,Kg,120,188,156.16
3616CA,Allermed Group,GUT930,331,303.17,100349.27,Kg,120,167,433.1
3619CA,Allermed Group,NXH382,36357,0.52185,18972.90045,Kg,15,22,0.7455
